Name	Chr	Start	End	Size	BpSeq
deletion1	2a	1120	1129	10	TTGTGCGAAGGACGGAATTGCGATTGCGGACCGTAATTTGAAGCATCAAGTTTAGACAGATGACTCGTAGGTTTGAGTCACATCAAACCAGGCTTTGCCT
deletion2	2a	624	633	10	TGTGTATTAATACTCATGGAATGAATTAAATAGTGACCTAACAGTTAAGCACTATTCGCTAATTCGGTGCTGCCAGCGTTGCTCCGGGCTACATTTCCAA
deletion3	2a	2827	2836	10	GCGGAGGCAACGTCTAGCAACGTCTAGCAACGTCTAGCAACGTCTAAGCTAAAAGGGTGATGCCGCAAATGGCAAGATTCCGCTGAGCTACTACGGCCCG
deletion4	1a	345	354	10	CTATGGCAAAATATTAGGCTCATCCTACATATTCTGCTCCTAGGTCCAACGGCTAGCCTTTCCTAAAATGAACTAAAATCGGCGCTGACAGGCGACATAG
deletion5	4b	615	624	10	ATTTTCAAACGGGACAAGCCGTGGCCTATTTAGGGTATGAAGCTACAGACGGAAGCCGTAATTCAGTTGGCGGCACTCTCGTTATGCTCGTAGTGCCCCA
deletion6	1a	5077	5086	10	TGTTACTGTCTCCTATTGCGCACAGAAGTTCGTACTTAAGAAGAGAATCGGCAGCGATAGATTTAAACCTAGGGAACCATTTGCTCCGGCTTCATACTTA
deletion7	1b	5246	5255	10	AAAGCGGTATGAGTACTCTGTGCAGGTGTATGTGTGGTGGGTGATGAGTCCGCCAAGCCGCGGGTTCCGGGCTCGACCATGTCAGATGCGTTTTGTCCAG
deletion8	4a	282	291	10	CGAATTGATTACCTACGAGCCGATTAGCCCTGCGGACCGTTTGCGAACAGATATCGCGTATAGTGAACCTCCCGCGGCGCAACTTCCATCCATTCTGGAA
deletion9	3a	4322	4331	10	ACCACCGCAGCTTGTACTGCTCCTTATCATAGTAACGGTGCGGCATTCAGCCCGTCCCGAGTACCCAGAGCGGACGCTTTGGGATGGGGGTTCCATGCTC
deletion10	1a	3635	3644	10	CCTGATCCATCAGACTAGGTCCCGTTCAAAGCCAACGAGTGGCCATATTATGCGCTGCTTTCGCTCATCGGCGTCAGTGGCGCAGCGTGGGAGGTCTGGA
deletion11	2a	2025	2034	10	ACGAGCTGCTATATCTGCCGTGGAGCCTAAGACTACTACAGCTGTAGATTGGCGGTTTTGGTGTAAGGCAGTGGTCCCATCGTGCACCAGCTGCGCCAAC
deletion12	2b	2994	3003	10	GGTGATAAAAGGACCTGAAAGAGCTTGATCCCATCAGCGCGCTACGTTCCCGGCAGCTCGGCAGGGCCGCTGTGTCTCTAGCATACGCAAGGCAGACTTG
deletion13	3a	3897	3906	10	GCGGTGCTCTTTTCGAAACTTTGCCATGTATCTTATTAGTGCGTGCCCGGCGATGCTTGCGACGAACCGGACGGCGCAGGACACTATATTTCTTAGGGAA
deletion14	1a	1138	1147	10	GATGGCTTATTTTTTTTTTACTAATATCACTTCTGAACGGCCGAGTTAACCCACTAGGTATAAGTGTTAATAGCCATACAGAGTTTGGACAGCGGCTTTG
deletion15	2a	2472	2481	10	AGCCCAGTTTTGCGCAATTGCGTGTGTGCATATATCAATGGGCGCACTGGGTCTAACAGAAAGGTGGAAGTTGGATCGTTAGCTGATGCGAAATGTCCGG
deletion16	1b	3776	3785	10	GACTGCTAGACGTTTGTCGGAATCTGTTTGCGTTACTGCTCACGTATGATTGACCATCTTGAGGTGGGCGCGGGGTCCATTCGCTCGTTTTACGCAGCTT
deletion17	1a	2296	2305	10	AATCGCGTCGGGTAAGTGCTTTCTGAACGTTATTAAATCCGATCCCTCGTGAAAACCCGCGTACTTGAATGTAATGATCTGGGGACGTTAGAATGTACGT
deletion18	2a	2107	2116	10	GGTCCCATCGTGCACCAGCTGCGCCAACCCTGGTTGCGGTGACTTATCCGATACGGGATGTACCGCACCGTTAGGATCGATAACTGAGCACTTGTACAGC
deletion19	1b	395	404	10	CCTCGTGCGAGGCTAGCCTTTCCTAAAATGAACTAAAATCGGCGCTGACAGACAATCACACTTTCTTACTTTTAGTTGCATAGGCTAGATCATGGAACAA
deletion20	2a	3646	3655	10	AGGGGCCGGAATTTCCCAACCGGCCATTGGTGGTTCCCCGTAGAACCTCCTAAACTAGAAGCGTAAGGGCGTGCTCATCTCATGCCTTTAACTATTTCCA
