Name	ChrA	StartA	EndA	ChrB	StartB	EndB	Size	Copied	BpSeqA	BpSeqB_5prime	BpSeqB_3prime
insertion_1	1a	3500	3509	2b	3156	3165	10	FALSE	CGAGGTAGCTTTTAACTATTCGGCCGATCTGAATTACATGATCCGTTTCAAATAGCGGAATGGACGCGGTAGCTGTGGGCATTATAGGCTTGTAAACTCA	GAAGGATGTGATGCCGGAGATCACTAACGGATTTACTCGGAGGTTTAACCATAGTCCGAGGAAACTTAAGACGTATAACCGCAATCCAGTGACTCATGCC	ATGCCGGAGATCACTAACGGATTTACTCGGAGGTTTAACCATAGTCCGAGGAAACTTAAGACGTATAACCGCAATCCAGTGACTCATGCCCGCCTAAAGG
insertion_2	1b	5045	5054	2b	3984	3993	10	FALSE	AGAATCACACCTGCGGTGTGCCCGGAAACTCCTGTTACTGTCTCCTATTGTTCGTACTTAAGAAGAGAATCGGCAAGCTACTGCAGCGATAGATTTAAAC	CGGAGGCACAGGACCCGATCAACATTTACATGGATTATAATGGCCCAGCCCGCACAGAAGTCGTATATACAGCCAGGTAAAGTGTGGCTACTCTAATTGA	GGACCCGATCAACATTTACATGGATTATAATGGCCCAGCCCGCACAGAAGTCGTATATACAGCCAGGTAAAGTGTGGCTACTCTAATTGATGGAGGCGAT
insertion_3	2b	1193	1202	1a	5675	5684	10	FALSE	CTCGTAGGTTTGAGTCACATCAAACCAGGCTTTGCCTACACTGGCGAGCATTGTTCGGGACCATCCATGGTTGGGGTTTGTAGGAGTTGATAACACCGCC	GCGCCGGTCGATCGTTCGCGATGAACTATCGTTGATACCCGAGACATTCGATAACGTAACGTGTGGACACGAATCTCCACTACTAGAATCAAGGGACACA	ATCGTTCGCGATGAACTATCGTTGATACCCGAGACATTCGATAACGTAACGTGTGGACACGAATCTCCACTACTAGAATCAAGGGACACAAGGAGTATAT
insertion_4	1b	6475	6484	1b	2394	2403	10	FALSE	GGTAAGCAGTTGTTAATACATTAAAGTCGAACATCATGTGGTGAGCCAGCGCTCATTCTAAGAAGCAGCGCATGTCGTTTGTCGTCTATTAGTCGTGAAT	TAGAATGTACGTCTACGATAAACGATACAACATCGTCCCTGCGTATCCCCCAAGACCAGGGATCCAACCGTGCTAGGTAGGATTGAACACGGGTCCTGCT	GTCTACGATAAACGATACAACATCGTCCCTGCGTATCCCCCAAGACCAGGGATCCAACCGTGCTAGGTAGGATTGAACACGGGTCCTGCTCCGTGATGCC
insertion_5	2a	853	862	3b	1188	1197	10	FALSE	GCCCGCATTGCATCTCGGTAAGGCATCCCCTCGATTTGGCAATCAGCTGACCTAATATGTCGTCCGGAGGCAGCGCGTCCGATGGAATCCCATATAGAGT	AGAAGCGGTCTTTCAGGTGTTGTTAGTCAGCTGTACAAAGGCCCCGCATTGAGGGAGTTTAGAGGGGAGCCTCGGCAAGGACACTAGCTGGGTTGTATGA	TTTCAGGTGTTGTTAGTCAGCTGTACAAAGGCCCCGCATTGAGGGAGTTTAGAGGGGAGCCTCGGCAAGGACACTAGCTGGGTTGTATGAATGTAAAGAA
insertion_6	1a	4104	4113	1b	1800	1809	10	FALSE	GGTTTCACTACTTAGGATGCGTTTCTCGAATCAATCGCGGGGTTCTAAGATTCAGCCTGATGCAAGTAGACCTCCCTTTTACCTGTGAGACGACAGCGCA	CAGCCACAACGCTGCCCGATACGCGCCGCATTAAGTCGACGAATCTCTAGTCTAGGCTGGGGCGCGACCCACGAAATAGAGACTGGCTACTACTTCTCAG	GCTGCCCGATACGCGCCGCATTAAGTCGACGAATCTCTAGTCTAGGCTGGGGCGCGACCCACGAAATAGAGACTGGCTACTACTTCTCAGGCTAAGCGCA
insertion_7	1a	6591	6600	1a	5103	5112	10	FALSE	TGTTTGTCATCCTGCATGATGATGTGTTGCCCTGATTTTTATAAGAAACAATCACGGAGTGTGCGTGGTAATGGCGTGAAATGAGGCTCCATCGTTAATG	AGTTCGTACTTAAGAAGAGAATCGGCAAGCTACTGCAGCGATAGATTTAAGTTGACAAATACCTAGGGAACCATTTGCTCCGGCTTCATACTTATGCTTT	TAAGAAGAGAATCGGCAAGCTACTGCAGCGATAGATTTAAGTTGACAAATACCTAGGGAACCATTTGCTCCGGCTTCATACTTATGCTTTCCATCATTAA
insertion_8	3b	231	240	4a	1117	1126	10	FALSE	TCGGTTCTGCCGGAAGTTGTGGGTCTAACAATGCAGCCTTAGAACAGTTCCGAGCCTTATATAACAAAACGGAGCCGACTTCAACGAGAACTGGCATGGG	TTCTCATGATAACCACTTCGATCGTAGGTCCCTAAAGAAACACCCTCTGATCAGGACTTATTGGGTTGACCAACCAGTGTCGGTGGGTTTGACAACACCA	AACCACTTCGATCGTAGGTCCCTAAAGAAACACCCTCTGATCAGGACTTATTGGGTTGACCAACCAGTGTCGGTGGGTTTGACAACACCAGCCCGGTATA
insertion_9	2b	2736	2745	3b	2936	2945	10	FALSE	AGCTGGATCATTCTCTAGCCAAGACGGGACATCAGCCGGGGAAATTTGGCGTCTGGTAACGGCCCAACAGCTCACCAATCTGCCCAGAGCATATCGACGC	CACCGCTAGATCGTTTCTACCCATACTCTTACAACTAGACCCAAGACGTTCTAGCTTGAATGTTAATATACCTCGATCCGTGCGTGCGGCCTGGGTCGCC	TCGTTTCTACCCATACTCTTACAACTAGACCCAAGACGTTCTAGCTTGAATGTTAATATACCTCGATCCGTGCGTGCGGCCTGGGTCGCCTATTGGCTTT
insertion_10	1a	5501	5510	3a	3713	3722	10	FALSE	ACTATTACACCATTGGTAAGCATCCGGATCAAACAAGCCCCGCCTATTCTTAACAAGGGGACATGGCTGTCGCACGTTTTACAGCTGGTGGGCTAACAAT	TTGCGCTCAGGCCTGGTACGTTTGGTAACGCACTTCCGTCGGCTATATCACTTAAACGTATGTCCGGGACAACTTTGTCGGTCCTCCTATCTCGAGATTC	GCCTGGTACGTTTGGTAACGCACTTCCGTCGGCTATATCACTTAAACGTATGTCCGGGACAACTTTGTCGGTCCTCCTATCTCGAGATTCGTAATACTCC
insertion_11	1a	1977	1986	3b	2003	2012	10	FALSE	CTCAGCAGGTGCACATCAAGGTGCATATCTTATTTAGCGTTATTTGTGCCTCAAGCTTCGGGAGGATGGAGGTACCATCGAGACATTTTTCACGGTTGTA	GGCGAGAGAATGTGCAAATCCCTATACCGGACGCATTGCACCGGACTTCCTACAGTCTAAATGGATCGTTTGGGGTGTGTTGTCGCCGGTATTTTTAACT	TGTGCAAATCCCTATACCGGACGCATTGCACCGGACTTCCTACAGTCTAAATGGATCGTTTGGGGTGTGTTGTCGCCGGTATTTTTAACTCTGCCATGGA
insertion_12	1a	3018	3027	2a	2772	2781	10	FALSE	TGATGAGTACAGCCTCCACAATTTAATAAACTAATGTAGCCTGAGACTAGGGAACATCAAAATGAACGCCCAGCCTAAAGGCTAACGCTCCAGTCCGGTT	CGGGGAAATTTGGCCTAGCTTGAAGTCTGGTAACGGCCCAACAGCTCACCCAGGTGTACGAATCTGCCCAGAGCATATCGACGCCGGTGCGATGTGCGGA	TGGCCTAGCTTGAAGTCTGGTAACGGCCCAACAGCTCACCCAGGTGTACGAATCTGCCCAGAGCATATCGACGCCGGTGCGATGTGCGGAGGCAACGTCT
insertion_13	2b	3380	3389	2a	2528	2537	10	FALSE	CTCTGCTGCACGGCGGAAGGCCCTATTCCCTGCTCATGACCTAGACCTTAAGATCCAAGCCTCCGGCACGGTTCCGCGCGACAACTCGGACGCCTCCAAG	ATTTGTCTAACAGAAAGGTGGAAGTTGGATCGTTAGCTGATGCGAAATGTAGTCGTCCCACCGGACCCTTCAGTATAATGTGAGGCTTCGACCGTGATGG	CAGAAAGGTGGAAGTTGGATCGTTAGCTGATGCGAAATGTAGTCGTCCCACCGGACCCTTCAGTATAATGTGAGGCTTCGACCGTGATGGTTGATCCCTT
insertion_14	1b	3099	3108	2a	5523	5532	10	FALSE	AGCCTAAAGGCTAACGCTCCAGTCCGGTTTTAGGTTCACGTTGATTCGTCTCCCGCGTATTCCGAACTGTGGTAGGTAAAATTGCGCCTCCGACTGTAAG	CGATGATTCATTCTCAAGGGGTAATCTTACGAATACAGAAAGAGAAGACGGACGAGAGAGGCCACGTGGAATTGGCAATGGCTCACACGTCGACGAGTTG	TTCTCAAGGGGTAATCTTACGAATACAGAAAGAGAAGACGGACGAGAGAGGCCACGTGGAATTGGCAATGGCTCACACGTCGACGAGTTGCTCAAGTACC
insertion_15	3a	2217	2226	1a	681	690	10	FALSE	CAAGTTGACCATATGACCACCTGGCAAGGCGTACACAAGTCACGCTAGCACGTGCCTTCTTTTTCCCAAATTAGGGATCCCGCTAGCATCAGCTGCCGTG	ACCGGTTCTTTCGCGAGAGAGCCGAGCCACAGGTCGGACATCTCTCCGCGTGTCTTTAGCAATAGAGAGGTGGACAAACGCTGTTGATGCAAAACGCACC	TCGCGAGAGAGCCGAGCCACAGGTCGGACATCTCTCCGCGTGTCTTTAGCAATAGAGAGGTGGACAAACGCTGTTGATGCAAAACGCACCTAATCTGAGC
insertion_16	2b	5600	5609	1a	1513	1522	10	FALSE	CGTCGACGAGTTGCTCAAGTACCCCGCATTTAAACGGAGGCTTCGTTCTCCATGTGGTCGTGGTGCACGCTCTAGCCATTCCGGGACAAGTCCAATATAC	ACGCCTCCGATCCATGCATGCGCCTAAACAACATAGTGTACGGCAGCATTCGAATGTGGGGCTGTCGCAGCTCACCAATTAAATCTCGTGGTACATCCCC	TCCATGCATGCGCCTAAACAACATAGTGTACGGCAGCATTCGAATGTGGGGCTGTCGCAGCTCACCAATTAAATCTCGTGGTACATCCCCATTCCGGGAT
insertion_17	3b	1212	1221	2a	2932	2941	10	FALSE	ACAAAGGCCCCGCATTGAGGGAGTTTAGAGGGGAGCCTCGGCAAGGACACTAGCTGGGTTGTATGAATGTAAAGAAGGCTTTTCGTGAGGGATGCCTGGA	GCCCGATAGTTCGCGTGATAGGAACGAGGGGAGTACAGAATCGCTGCCGCCGCCACGTCGATACACGCACAAGGTGATAAAAGGACCTGAAAGAGCTTGA	TCGCGTGATAGGAACGAGGGGAGTACAGAATCGCTGCCGCCGCCACGTCGATACACGCACAAGGTGATAAAAGGACCTGAAAGAGCTTGATCCCATCAGC
insertion_18	1a	3733	3742	3a	154	163	10	FALSE	GGGAGGTCTGGAGCTGTTACGTATGTTTATTGTGTTAGAGTGTGACTGCTCGGAATCTGTTTGCGTTACTGCTCACGTATGATCTACGCGGCCTGACCAT	TGGAGTTCTAGCAGAAAAGACCGGGTCTAAACCCTGCCTTGGCTGACTGCAGACGTTTGTCTGTATTGCATGCATGAGCACAATGACTCGGTTCTGCCGG	GCAGAAAAGACCGGGTCTAAACCCTGCCTTGGCTGACTGCAGACGTTTGTCTGTATTGCATGCATGAGCACAATGACTCGGTTCTGCCGGAAGTTGTGGG
insertion_19	3b	3137	3146	2b	465	474	10	FALSE	GCGGCGACGTCTATTTGGGCTTTCAGGTTGAGACGTACCGAAATTCGGACATTTAGGGTAGGAAATCAATAGTCGCATCACATTTAACGGGGAGAGATGA	CTAGGTTAACATGAATGATCCACCGATGATCGTAGCTGGGTCGCACACTTATCGGTCAGTTTAAGACAAACGCATTATTTTAGGTAATTAGGGAAAGCTT	ATGAATGATCCACCGATGATCGTAGCTGGGTCGCACACTTATCGGTCAGTTTAAGACAAACGCATTATTTTAGGTAATTAGGGAAAGCTTGGGGGCTGCA
insertion_20	1a	2015	2024	1a	1470	1479	10	FALSE	CTTATTTAGCGTTATTTGTGCCTCAAGCTTCGGGAGGATGGAGGTACCATCGAGACATTTTTCACGGTTGTAGAGGGCGTTCTGTCACAGCAGGGTCCAC	TAGCTGCGCTGAGGGCCCCCGCTTGAGCTTATCTGCTTTTGCCCACTCTAACTACGCCTCCGATCCATGCATGCGCCTAAACAACATAGTGTACGGCAGC	GAGGGCCCCCGCTTGAGCTTATCTGCTTTTGCCCACTCTAACTACGCCTCCGATCCATGCATGCGCCTAAACAACATAGTGTACGGCAGCATTCGAATGT
